{"Training loss": 10.673501908779144, "_timestamp": 1724669835.2726872, "_runtime": 312.6097831726074, "_step": 14, "_wandb": {"runtime": 311}}