{"Training loss": 0.6788553595542908, "_timestamp": 1724647588.2428572, "_runtime": 206.90819430351257, "_step": 0}