{"Training loss": 9.604062139987946, "_timestamp": 1724653360.0416284, "_runtime": 526.5256712436676, "_step": 13, "_wandb": {"runtime": 525}}